terrquadra,endereco,numero,obs
1A,Av.Ajarani,10F,revisitar,não em casa
1A,R.Marialva,
1A,R.AntonioCarneiroLeão,
1A,Av.Dr.BernardinoB.F.Carvalho(Gamelinha),
1B,R.MateoMartinsCebanhos,
1B,R.André da Rocha,
1B,R.Marialva,
1C,R.MateoMartinsCebanhos,
1C,R.PadreMorcillaFilho,
1C,R.BraçoDaCruz,
1C,R.André da Rocha,
1D,R.BraçoDaCruz,
1D,PraçaMichelDaud,
1D,R.Acangupa,
1D,R.André da Rocha,
1E,R.Acangupa,
1E,R.AngelicaDaC.Carvalho,
1E,R.AntonioCarneiroLeão,
1E,R.Marialva,
1F,R.AntonioCarneiroLeão,
1F,R.AngelicaDaC.Carvalho,
1F,Av.Prof.XavierDeLima,
1F,Av.Dr.BernardinoB.F.Carvalho(Gamelinha),
1G,R.BraçoDaCruz,
1G,R.GeraldoVilela,
1G,R.BalaMineira,
1G,R.PadreSalvador Machado,
1G,Av.Prof.XavierDeLima,
1G,R.AngelicaDaC.Carvalho,
1G,R.PadreMorcillaFilho,
2A,R.BalaMineira,
2A,R.GeraldoVilela,
2A,R.DelfinaDaCunha,
2A,R.PadreSalvador Machado,
2B,R.DelfinaDaCunha,
2B,R.GeraldoVilela,
2B,R.Dr.MarioMonteiro,
2B,R.PadreSalvador Machado,
2C,R.BraçoDaCruz,
2C,R.AntonioTaborda,
2C,Av.Prof.XavierDeLima,
2C,R.PadreSalvador Machado,
2C,R.Dr.MarioMonteiro,
2C,R.GeraldoVilela,
2D,R.BraçoDaCruz,
2D,R.Dos Ariosos,
2D,R.Biagoréu,
2D,R.AntonioTaborda,
2E,R.BraçoDaCruz,
2E,R.MateusDeSiqueira,
2E,R.Coroatá,
2E,R.AntonioTaborda,
2E,R.Biagoréu,
2E,R.Dos Ariosos,
2F,R.Coroatá,
2F,Viela(Coroatá),
2F,Av.Prof.XavierDeLima,
2F,R.SãoTuríbio,
2G,R.Coroatá,
2G,Av.Eng.SoaresDeCamargo,
2G,Av.Prof.XavierDeLima,
2G,Viela(Coroatá),
3A,Av.PatrocínioPaulista,
3A,R.CornélioPena,
3A,R.Mal.AméricoBraga,
3A,R.MateusDeSiqueira,
3B,R.Mal.AméricoBraga,
3B,PraçaMacedoBraga,
3B,R.MateusDeSiqueira,
3C,Av.PatrocínioPaulista,
3C,R.Xique-Xique,
3C,R.MateusDeSiqueira,
3C,PraçaMacedoBraga,
3C,R.CornélioPena,
3D,R.MateusDeSiqueira,
3D,R.Xique-Xique,
3D,R.Coroatá,
3D,Av.Eng.SoaresDeCamargo,
3E,Av.PatrocínioPaulista,
3E,R.Prof.TitoNovais,
3E,R.MateusDeSiqueira,
3E,R.Xique-Xique,
3F,Av.PatrocínioPaulista,
3F,R.Xapuri,
3F,R.Coroatá,
3F,R.Xique-Xique,
3F,R.MateusDeSiqueira,
3F,R.Prof.TitoNovais,
4A,Av.PatrocínioPaulista,
4A,PraçaAraruva,
4A,R.Caracaraí,
4A,R.FozDoJordão,
4A,R.Catrimani,
4B,PraçaAraruva,
4B,R.Mazagão,
4B,R.Caracaraí,
4C,PraçaAraruva,
4C,Av.AntonioEstevãoDeCarvalho,
4C,R.Caracaraí,
4C,R.Mazagão,
4D,R.FozDoJordão,
4D,R.Caracaraí,
4D,R.Mazagão,
4D,R.Catrimani,
4E,R.Xapuri,
4E,R.Catrimani,
4E,R.Clevelândia,
5A,Av.AntonioEstevãoDeCarvalho,
5A,AvDr.LuizAires(Radial),
5A,R.Licânia,
5B,Av.AntonioEstevãoDeCarvalho,
5B,R.Licânia,
5B,AvDr.LuizAires(Radial),
5B,R.Pinhal,
5B,R.Videira,
5C,Av.AntonioEstevãoDeCarvalho,
5C,R.Videira,
5C,R.Pinhal,
5C,R.Icó,
5D,Av.AntonioEstevãoDeCarvalho,
5D,R.Icó,
5D,R.Pinhal,
5E,AvDr.LuizAires(Radial),
5E,R.Dr.NiltonSilva,
5E,R.Icó,
5E,R.Pinhal,
5F,R.Icó,
5F,R.Dr.NiltonSilva,
5F,Av.ParaguaçuPaulista,
5F,R.Pinhal,
5G,Av.ParaguaçuPaulista,
5G,R.Dr.NiltonSilva,
5G,Av.AntonioEstevãoDeCarvalho,
6A,Av.Prof.XavierDeLima,
6A,Trav.JudithC.DeMelo,
6A,VielaJoséRodriguesM.Jr,
6A,Av.Dr.BernardinoB.F.Carvalho(Gamelinha),
6B,VielaJoséRodriguesM.Jr,
6B,Trav.JudithC.DeMelo,
6B,R.Cel.AntonioBarroso,
6B,Av.Dr.BernardinoB.F.Carvalho(Gamelinha),
6C,Av.Prof.XavierDeLima,
6C,R.SãoTuríbio,
6C,VielaJoséRodriguesM.Jr,
6C,Trav.JudithC.DeMelo,
6D,VielaJoséRodriguesM.Jr,
6D,R.SãoTuríbio,
6D,R.Palmeirina,
6D,R.CanavarroBrito,
6D,R.JoséPintoDeMelo,
6D,Trav.JudithC.DeMelo,
6D,R.Cel.AntonioBarroso,
6E,Trav.JudithC.DeMelo,
6E,R.JoséPintoDeMelo,
6E,R.Dr.CandidoDores,
6E,R.Cel.AntonioBarroso,
6F,R.JoséPintoDeMelo,
6F,R.CanavarroBrito,
6F,R.Palmeirina,
6F,R.PereiraDeVasconcelos,
7A,R.Cel.AntonioBarroso,
7A,R.Dr.CandidoDores,
7A,R.FaustoFigueiraDeMelo,
7A,Trav.PedroJoséDosSantos,
7A,Av.Dr.BernardinoB.F.Carvalho(Gamelinha),
7B,R.JoséPintoDeMelo,
7B,R.PereiraDeVasconcelos,
7B,R.NelsonMadureira,
7B,Trav.PedroJoséDosSantos,
7B,R.FaustoFigueiraDeMelo,
7B,R.Dr.CandidoDores,
7C,Trav.PedroJoséDosSantos,
7C,R.FaustoFigueiraDeMelo,
7C,R.MarDeEspanha,
7C,Av.Dr.BernardinoB.F.Carvalho(Gamelinha),
7D,Trav.PedroJoséDosSantos,
7D,R.NelsonMadureira,
7D,R.MarDeEspanha,
7D,R.FaustoFigueiraDeMelo,
7E,R.NelsonMadureira,
7E,R.AlbertoFlores,
7E,R.MarDeEspanha,
7F,R.Palmeirina,
7F,R.FerreiraPeixoto,
7F,R.AlbertoFlores,
7F,R.NelsonMadureira,
7F,R.EmbaixadorDiasCarneiro,
8A,Av.Prof.XavierDeLima,
8A,Trav.PassageParaLeonorDomingues,
8A,R.LeonorDomingues,
8A,R.FerreiraPeixoto,
8B,Av.Prof.XavierDeLima,
8B,Av.Eng.SoaresDeCamargo,
8B,R.LeonorDomingues,
8B,Trav.PassageParaLeonorDomingues,
8C,Av.Eng.SoaresDeCamargo,
8C,R.AltoDoParnaíba,
8C,R.Cel.BatistaDoPrado,
8C,R.LeonorDomingues,
8D,R.LeonorDomingues,
8D,R.Cel.BatistaDoPrado,
8D,R.AltoDoParnaíba,
8D,R.FerreiraPeixoto,
8E,R.LeonorDomingues,
8E,R.FerreiraPeixoto,
8E,R.AltoDoParnaíba,
8E,R.SãoTuríbio,
8F,R.AltoDoParnaíba,
8F,R.FerreiraPeixoto,
8F,R.Palmeirina,
8F,R.SãoTuríbio,
8G,R.AltoDoParnaíba,
8G,R.Cel.BatistaDoPrado,
8G,R.Palmeirina,
8G,R.FerreiraPeixoto,
8H,R.AltoDoParnaíba,
8H,Av.Eng.SoaresDeCamargo,
8H,R.Palmeirina,
8H,R.Cel.BatistaDoPrado,
8I,R.Palmeirina,
8I,Av.Eng.SoaresDeCamargo,
8I,R.AlbertoFlores,
8I,R.FerreiraPeixoto,
9A,Av.Eng.SoaresDeCamargo,
9A,VielaWaldirCalmon,
9A,Trav.CardealGiovaneBenelli,
9B,R.Coroatá,
9B,PraçaPadreLeoMorin,
9B,Trav.CardealGiovaneBenelli,
9B,VielaWaldirCalmon,
9C,PraçaPadreLeoMorin,
9C,R.AltoDoParnaíba,
9C,Av.Eng.SoaresDeCamargo,
9C,Trav.CardealGiovaneBenelli,
9C,VielaWaldirCalmon,
9D,R.Palmeirina,
9D,Av.Eng.SoaresDeCamargo,
9D,R.AltoDoParnaíba,
9D,R.Xique-Xique,
9E,R.AltoDoParnaíba,
9E,R.VitóriaDaConquista,
9E,R.Mirador,
9E,R.Xique-Xique,
9F,R.AltoDoParnaíba,
9F,R.PedrasNegras,
9F,R.Mirador,
9F,R.VitóriaDaConquista,
9G,R.AltoDoParnaíba,
9G,R.Xapuri,
9G,R.Mirador,
9G,R.PedrasNegras,
9H,R.AltoDoParnaíba,
9H,R.VitóriaDaConquista,
9H,Trav.ErnestoMonaci,
9H,R.Xapuri,
9I,R.Xique-Xique,
9I,Trav.AntonioF.DeAssis,
9I,R.VitóriaDaConquista,
9I,R.AltoDoParnaíba,
9J,R.Coroatá,
9J,R.VitóriaDaConquista,
9J,Trav.AntonioF.DeAssis,
9J,R.Xique-Xique,
9K,R.Coroatá,
9K,R.Xapuri,
9K,Trav.ErnestoMonaci,
9K,R.VitóriaDaConquista,
10A,Av.Eng.SoaresDeCamargo,
10A,R.Palmeirina,
10A,R.Xique-Xique,
10A,R.Magé,
10B,R.Mirador,
10B,R.VitóriaDaConquista,
10B,R.Simonésia,
10B,R.Xique-Xique,
10C,R.Mirador,
10C,R.PedrasNegras,
10C,R.Simonésia,
10C,R.VitóriaDaConquista,
10D,R.Mirador,
10D,R.Xapuri,
10D,R.Simonésia,
10D,R.PedrasNegras,
10E,R.Simonésia,
10E,R.Clevelândia,
10E,R.PedrasNegras,
10F,R.Simonésia,
10F,R.PedrasNegras,
10F,R.Araruama,
10F,R.VitóriaDaConquista,
10G,R.Simonésia,
10G,R.VitóriaDaConquista,
10G,R.Magé,
10G,R.Xique-Xique,
11A,R.Catrimani,
11A,R.Mazagão,
11A,R.Xapuri,
11A,R.Clevelândia,
11B,R.Caracaraí,
11B,Av.AntonioEstevãoDeCarvalho,
11B,R.Catrimani,
11B,R.Mazagão,
11C,R.Catrimani,
11C,Av.AntonioEstevãoDeCarvalho,
11C,R.Xapuri,
11C,R.Mazagão,
11D,R.Xapuri,
11D,Av.AntonioEstevãoDeCarvalho,
11D,PraçaGuajaráMirim,
11D,R.Mazagão,
11E,R.Xapuri,
11E,R.Mazagão,
11E,PassageTrav.DaServidão,
11E,R.Clevelândia,
11F,R.Araruama,
11F,R.Clevelândia,
11F,R.Magé,
11F,R.Rondônia,
12A,R.Dr.NiltonSilva,
12A,AvDr.LuizAires(Radial),
12A,R.Cmte.JulianoTena,
12A,Av.ParaguaçuPaulista,
12B,R.Cmte.JulianoTena,
12B,AvDr.LuizAires(Radial),
12B,R.MajorGomesRibeiro,
12B,Av.ParaguaçuPaulista,
12C,R.MajorGomesRibeiro,
12C,AvDr.LuizAires(Radial),
12C,R.Dr.PedroMendes,
12C,Av.ParaguaçuPaulista,
12D,R.Dr.PedroMendes,
12D,AvDr.LuizAires(Radial),
12D,R.DemervalLessa,
12D,Av.ParaguaçuPaulista,
12E,R.Dr.PedroMendes,
12E,Av.ParaguaçuPaulista,
12E,R. DemervalLessa,
12E,R.Des.RochaPortela,
12F,R.MajorGomesRibeiro,
12F,Av.ParaguaçuPaulista,
12F,R.Dr.PedroMendes,
12F,R.Des.RochaPortela,
12G,R.Cmte.JulianoTena,
12G,Av.ParaguaçuPaulista,
12G,R.MajorGomesRibeiro,
12G,R.Des.RochaPortela,
12H,R.Dr.NiltonSilva,
12H,Av.ParaguaçuPaulista,
12H,R.Cmte.JulianoTena,
12H,R.Des.RochaPortela,
13A,R.Magé,
13A,R.Clevelândia,
13A,PassageTrav.DaServidão,
13A,R.Mazagão,
13A,R.JoséBeneditoDaRosa,
13A,Av.Dr.PereiraVergueiro,
13A,PçaLeonardoDeBarrosCarvalho,
13A,Av.Eng.SoaresDeCamargo,
13B,R.JoséBeneditoDaRosa,
13B,R.JordãoDaCosta,
13B,Av.Dr.PereiraVergueiro,
13C,R.JoséBeneditoDaRosa,
13C,R.BartolomeuEsteves,
13C,Av.Dr.PereiraVergueiro,
13C,R.JordãoDaCosta,
13D,R.JoséBeneditoDaRosa,
13D,R.Pontal,
13D,Av.Dr.PereiraVergueiro,
13D,R.BartolomeuEsteves,
13E,PraçaGuajaráMirim,
13E,R.Pontal,
13E,R.JoséBeneditoDaRosa,
13E,R.Mazagão,
13F,PraçaGuajaráMirim,
13F,R.Brig.BritoDelamare,
13F,R.HenriqueJacobs,
13F,R.Dr.UrbanoPereira,
13F,R.Pontal,
13G,R.Dr.UrbanoPereira,
13G,R.HenriqueJacobs,
13G,R.Pontal,
14A,R.Des.RochaPortela,
14A,R.MajorGomesRibeiro,
14A,R.FernandesPereira,
14A,Av.AntonioEstevãoDeCarvalho,
14B,R.Des.RochaPortela,
14B,R.Dr.PedroMendes,
14B,R.FernandesPereira,
14B,R.MajorGomesRibeiro,
14C,R.Des.RochaPortela,
14C,R.DemervalLessa,
14C,R.FernandesPereira,
14C,R.Dr.PedroMendes,
14D,R.FernandesPereira,
14D,R.DemervalLessa,
14D,R.ArturAlvim,
14D,R.Dr.PedroMendes,
14E,R.FernandesPereira,
14E,R.Dr.PedroMendes,
14E,R.ArturAlvim,
14E,Av.AntonioEstevãoDeCarvalho,
14F,R.ArturAlvim,
14F,R.Dr.PedroMendes,
14F,R.Brg.BritoDelamare,
14F,Av.AntonioEstevãoDeCarvalho,
14G,R.ArturAlvim,
14G,R.DemervalLessa,
14G,R.Brg.BritoDelamare,
14G,R.Dr.PedroMendes,
15A,AvDr.LuizAires(Radial),
15A,R.Dr.EmanuelDias,
15A,Av.ParaguaçuPaulista,
15A,R.DemervalLessa,
15B,R.HenriqueJacobs,
15B,Av.ParaguaçuPaulista,
15B,R.Dr.EmanuelDias,
15C,R.SantaAfra,
15C,Av.ParaguaçuPaulista,
15C,R.HenriqueJacobs,
15D,Av.MacielMonteiro,
15D,Av.ParaguaçuPaulista,
15D,R.SantaAfra,
15E,Av.ParaguaçuPaulista,
15E,Av.MacielMonteiro,
15E,R.Des.RochaPortela,
15E,R.SantaAfra,
15F,Av.ParaguaçuPaulista,
15F,R.SantaAfra,
15F,R.Des.RochaPortela,
15F,R.HenriqueJacobs,
15G,Av.ParaguaçuPaulista,
15G,R.HenriqueJacobs,
15G,R.Des.RochaPortela,
15G,R.Dr.EmanuelDias,
15H,Av.ParaguaçuPaulista,
15H,R.Dr.EmanuelDias,
15H,R.Des.RochaPortela,
15H,R.DemervalLessa,
16A,R.HenriqueJacobs,
16A,R.Brg.BritoDelamare,
16A,R.DemervalLessa,
16A,R.ArturAlvim,
16B,R.DemervalLessa,
16B,R.FernandesPereira,
16B,R.HenriqueJacobs,
16B,R.ArturAlvim,
16C,R.Dr.EmanuelDias,
16C,R.Des.RochaPortela,
16C,PçaCarlitoCâmara,
16C,R.HenriqueJacobs,
16C,R.FernandesPereira,
16D,R.HenriqueJacobs,
16D,R.Des.RochaPortela,
16D,Av.MacielMonteiro,
16D,R.FernandesPereira,
16E,R.HenriqueJacobs,
16E,R.FernandesPereira,
16E,Av.MacielMonteiro,
16E,R.ArturAlvim,
16F,R.HenriqueJacobs,
16F,R.ArturAlvim,
16F,Av.MacielMonteiro,
16F,R.Dr.UrbanoPereira,
16G,R.HenriqueJacobs,
16G,R.Dr.UrbanoPereira,
16G,Av.MacielMonteiro,
16G,Av.Dr.PereiraVergueiro,
16G,R.Pontal,
